{
	"configs" : [
		{
			"remarks" : "",
			"id" : "46696D430AA2CB42B4D0B2750CEF8739",
			"server" : "xky.zydzl.com",
			"server_port" : 443,
			"server_udp_port" : 0,
			"password" : "tutututu",
			"method" : "aes-256-cfb",
			"protocol" : "origin",
			"protocolparam" : "",
			"obfs" : "plain",
			"obfsparam" : "",
			"remarks_base64" : "",
			"group" : "",
			"enable" : true,
			"udp_over_tcp" : false
		},
		{
			"remarks" : "",
			"id" : "BAA14157CA9BCBEE9D65D9E3A3136A3B",
			"server" : "socks.kirinng.com",
			"server_port" : 443,
			"server_udp_port" : 0,
			"password" : "tutututu",
			"method" : "aes-256-cfb",
			"protocol" : "origin",
			"protocolparam" : "",
			"obfs" : "plain",
			"obfsparam" : "",
			"remarks_base64" : "",
			"group" : "",
			"enable" : true,
			"udp_over_tcp" : false
		}
	],
	"index" : 1,
	"random" : true,
	"sysProxyMode" : 2,
	"shareOverLan" : false,
	"localPort" : 1080,
	"localAuthPassword" : "MXZaW_G9eQUsiPIICg5V",
	"dnsServer" : "",
	"reconnectTimes" : 2,
	"randomAlgorithm" : 3,
	"randomInGroup" : false,
	"TTL" : 0,
	"connectTimeout" : 5,
	"proxyRuleMode" : 0,
	"proxyEnable" : false,
	"pacDirectGoProxy" : false,
	"proxyType" : 0,
	"proxyHost" : "",
	"proxyPort" : 0,
	"proxyAuthUser" : "",
	"proxyAuthPass" : "",
	"proxyUserAgent" : "",
	"authUser" : "",
	"authPass" : "",
	"autoBan" : false,
	"sameHostForSameTarget" : false,
	"keepVisitTime" : 180,
	"isHideTips" : true,
	"nodeFeedAutoUpdate" : true,
	"serverSubscribes" : [

	],
	"token" : {

	},
	"portMap" : {

	}
}