{
	"u01.wuzui.xyz" : {
		"totalUploadBytes" : 4040082,
		"totalDownloadBytes" : 159284764
	},
	"u04.wuzui.xyz" : {
		"totalUploadBytes" : 3761859,
		"totalDownloadBytes" : 124157048
	},
	"u03.wuzui.xyz" : {
		"totalUploadBytes" : 4068027,
		"totalDownloadBytes" : 154605192
	},
	"u02.wuzui.xyz" : {
		"totalUploadBytes" : 3601545,
		"totalDownloadBytes" : 155116070
	},
	"45.76.153.144" : {
		"totalUploadBytes" : 2016504,
		"totalDownloadBytes" : 137186660
	},
	"45.77.206.116" : {
		"totalUploadBytes" : 108342960,
		"totalDownloadBytes" : 6589980543
	},
	"ssr.shiserver.com" : {
		"totalUploadBytes" : 156690440,
		"totalDownloadBytes" : 4311680884
	},
	"149.28.152.132" : {
		"totalUploadBytes" : 61545342,
		"totalDownloadBytes" : 1070156051
	},
	"linode.azero-ng.cn" : {
		"totalUploadBytes" : 66223783,
		"totalDownloadBytes" : 3683179018
	},
	"167.179.69.12" : {
		"totalUploadBytes" : 24199,
		"totalDownloadBytes" : 225753
	},
	"xyk.azero-ng.cn" : {
		"totalUploadBytes" : 24595501,
		"totalDownloadBytes" : 604139267
	}
}